{
  "metrics": {
    "ssr": [
      {
        "timestamp": 1774888971000,
        "value": 4.657667800968343
      }
    ],
    "cdd": [
      {
        "timestamp": 1774889025502,
        "value": 6610950.885000001
      }
    ],
    "dormancy": [
      {
        "timestamp": 1774889025502,
        "value": 60.16080814101631
      }
    ],
    "price-vs-realized-price": [
      {
        "timestamp": 1774888971000,
        "value": 1.252367887228799
      }
    ],
    "recent-reddit-sentiment": [
      {
        "timestamp": 1774889025502,
        "value": 58
      }
    ]
  }
}
