{
  "metrics": {
    "cdd": [
      {
        "timestamp": 1774708180175,
        "value": 6498577.085
      },
      {
        "timestamp": 1774710793102,
        "value": 6484571.5309375
      }
    ],
    "dormancy": [
      {
        "timestamp": 1774708180175,
        "value": 24.568732221575313
      },
      {
        "timestamp": 1774710793102,
        "value": 24.528301254439786
      }
    ],
    "ssr": [
      {
        "timestamp": 1774708180175,
        "value": 4.625864784321585
      },
      {
        "timestamp": 1774710793102,
        "value": 4.624105509932932
      }
    ]
  }
}
