{
  "metrics": {
    "cdd": [
      {
        "timestamp": 1774707638158,
        "value": 6498577.085
      }
    ],
    "dormancy": [
      {
        "timestamp": 1774707638158,
        "value": 24.568732221575313
      }
    ],
    "ssr": [
      {
        "timestamp": 1774707638158,
        "value": 4.6210976629866725
      }
    ]
  }
}
