{
  "metrics": {
    "cdd": [
      {
        "timestamp": 1774708180175,
        "value": 6498577.085
      },
      {
        "timestamp": 1774711392113,
        "value": 6452558.8359375
      }
    ],
    "dormancy": [
      {
        "timestamp": 1774708180175,
        "value": 24.568732221575313
      },
      {
        "timestamp": 1774711392113,
        "value": 24.407211214306788
      }
    ],
    "ssr": [
      {
        "timestamp": 1774708180175,
        "value": 4.625864784321585
      },
      {
        "timestamp": 1774711392113,
        "value": 4.651253503959318
      }
    ]
  }
}
