{
  "metrics": {
    "cdd": [
      {
        "timestamp": 1774708180175,
        "value": 6498577.085
      },
      {
        "timestamp": 1774713015132,
        "value": 6760681.025312499
      }
    ],
    "dormancy": [
      {
        "timestamp": 1774708180175,
        "value": 24.568732221575313
      },
      {
        "timestamp": 1774713015132,
        "value": 25.663466744531874
      }
    ],
    "ssr": [
      {
        "timestamp": 1774708180175,
        "value": 4.625864784321585
      },
      {
        "timestamp": 1774713015132,
        "value": 4.6399425979447715
      }
    ]
  }
}
