{
  "metrics": {
    "cdd": [
      {
        "timestamp": 1774708180175,
        "value": 6498577.085
      },
      {
        "timestamp": 1774710396073,
        "value": 6520585.812812501
      }
    ],
    "dormancy": [
      {
        "timestamp": 1774708180175,
        "value": 24.568732221575313
      },
      {
        "timestamp": 1774710396073,
        "value": 24.69787894889097
      }
    ],
    "ssr": [
      {
        "timestamp": 1774708180175,
        "value": 4.625864784321585
      },
      {
        "timestamp": 1774710396073,
        "value": 4.6199496484221205
      }
    ]
  }
}
